-- 1. Пользователи
INSERT INTO users VALUES 
    ('f0fe5f0b-cfad-4caf-acaf-f6685c3a5fc6', 'Misha', '+7 (919) 406-8111', 'Мужчина', 'pupirkalove', 'Администратор'),
    ('a1b2c3d4-1234-5678-9101-112131415161', 'Анна Иванова', '+7 (903) 123-4567', 'Женщина', 'qwerty123', 'Зарегистрированный пользователь'),
    ('d3f4a5b6-7890-1234-5678-910111213141', 'Гость Тестовый', '+7 (999) 888-7766', 'Мужчина', 'guestpass', 'Гость');

-- 2. Локации
INSERT INTO locations VALUES
    ('b5c6d7e8-4321-5678-9123-456789abcdef', 'Конференц-зал "Столица"', 'Просторный зал для мероприятий', 50000.00, 200),
    ('e9f0a1b2-6543-2198-7654-321098765432', 'Парк "Зеленый остров"', 'Открытая площадка на природе', 30000.00, 500);

-- 3. Меню
INSERT INTO menu VALUES
    ('a0b1c2d3-1234-5678-9123-456789abcdef', 'Стандартное меню', 1500.00),
    ('d4e5f6a7-9876-5432-1098-76543210abcd', 'Премиум меню', 3500.00);

-- 4. Мероприятия
INSERT INTO events VALUES
    ('c1d2e3f4-1122-3344-5566-778899aabbcc', 'b5c6d7e8-4321-5678-9123-456789abcdef', 'ИТ-Конференция 2024', 'Конференция для разработчиков', '2024-10-15', 150, 3, 15.5, 4.8),
    ('f4e3d2c1-5566-7788-9900-aabbccddeeff', 'e9f0a1b2-6543-2198-7654-321098765432', 'Фестиваль еды', 'Гастрономический праздник', '2024-08-20', 300, 1, 20.0, 4.9);

-- 5. Дни мероприятий
INSERT INTO days VALUES
    ('d1e2f3a4-1122-3344-5566-778899bbccdd', 'a0b1c2d3-1234-5678-9123-456789abcdef', 'День 1: Открытие', 1, 'Регистрация и приветственный кофе', 0.00),
    ('e3f4a5b6-2233-4455-6677-8899aabbccdd', 'd4e5f6a7-9876-5432-1098-76543210abcd', 'День 2: Мастер-классы', 2, 'Практические сессии', 2000.00);

-- 6. Участники
INSERT INTO persons VALUES
    ('f5e4d3c2-1122-3344-5566-778899aabb11', 'Иван Сидоров', 'Организатор', true),
    ('a2b3c4d5-6677-8899-0011-223344556677', 'Елена Васильева', 'VIP-персона', true),
    ('b6c7d8e9-3344-5566-7788-9900aabbccdd', 'Петр Николаев', 'Простой участник', false);

-- 7. Предметы меню
INSERT INTO items VALUES
    ('c3d4e5f6-4455-6677-8899-00aabbccddee', 'Кофе-брейк', 'Однодневный', 500.00),
    ('d7e8f9a0-5566-7788-9900-aabbccddeeff', 'Фуршет', 'Многодневный', 1500.00);

-- 8. Отзывы
INSERT INTO feedbacks VALUES
    ('e1f2a3b4-1234-5678-9123-456789abcdef', 'c1d2e3f4-1122-3344-5566-778899aabbcc', 'a2b3c4d5-6677-8899-0011-223344556677', 'Отличная организация!', 5.0),
    ('f5a6b7c8-9876-5432-1098-76543210abcd', 'f4e3d2c1-5566-7788-9900-aabbccddeeff', 'b6c7d8e9-3344-5566-7788-9900aabbccdd', 'Вкусная еда, но мало мест', 4.0);

-- 9. Связи
INSERT INTO users_events VALUES
    ('f0fe5f0b-cfad-4caf-acaf-f6685c3a5fc6', 'c1d2e3f4-1122-3344-5566-778899aabbcc'),
    ('a1b2c3d4-1234-5678-9101-112131415161', 'f4e3d2c1-5566-7788-9900-aabbccddeeff');

INSERT INTO events_days VALUES
    ('c1d2e3f4-1122-3344-5566-778899aabbcc', 'd1e2f3a4-1122-3344-5566-778899bbccdd'),
    ('c1d2e3f4-1122-3344-5566-778899aabbcc', 'e3f4a5b6-2233-4455-6677-8899aabbccdd');

INSERT INTO persons_days VALUES
    ('f5e4d3c2-1122-3344-5566-778899aabb11', 'd1e2f3a4-1122-3344-5566-778899bbccdd', 'a0b1c2d3-1234-5678-9123-456789abcdef'),
    ('a2b3c4d5-6677-8899-0011-223344556677', 'e3f4a5b6-2233-4455-6677-8899aabbccdd', 'd4e5f6a7-9876-5432-1098-76543210abcd');

INSERT INTO menu_items VALUES
    ('a0b1c2d3-1234-5678-9123-456789abcdef', 'c3d4e5f6-4455-6677-8899-00aabbccddee', 50),
    ('d4e5f6a7-9876-5432-1098-76543210abcd', 'd7e8f9a0-5566-7788-9900-aabbccddeeff', 20);